image_id,image_url,product_id
1,https://ik.imagekit.io/StringStackSanju/Women's%20Perfumes/E-commerece_images/61hy2GeEVYL._AC_UL480_FMwebp_QL65_.webp?updatedAt=1785150770075,1
2,https://ik.imagekit.io/StringStackSanju/Women's%20Perfumes/E-commerece_images/71iCJuiv2oL._AC_UL480_FMwebp_QL65_.webp?updatedAt=1785150770078,2
3,https://ik.imagekit.io/StringStackSanju/Women's%20Perfumes/E-commerece_images/71BL2o0YyPL._AC_UL480_FMwebp_QL65_.webp?updatedAt=1785150769991,3
4,https://ik.imagekit.io/StringStackSanju/Women's%20Perfumes/E-commerece_images/61L+QPo1g2L._AC_UL480_FMwebp_QL65_.webp?updatedAt=1785150769985,4
5,https://ik.imagekit.io/StringStackSanju/Women's%20Perfumes/E-commerece_images/51iyRB03PQL._AC_UL480_FMwebp_QL65_.webp?updatedAt=1785150769864,5
6,https://ik.imagekit.io/StringStackSanju/Women's%20Perfumes/E-commerece_images/71ToFB4P8HL._AC_UL480_FMwebp_QL65_.webp?updatedAt=1785149998059,6
7,https://ik.imagekit.io/StringStackSanju/Women's%20Perfumes/E-commerece_images/71fs9qvLmdL._AC_UL480_FMwebp_QL65_.webp?updatedAt=1785149997972,7
8,https://ik.imagekit.io/StringStackSanju/Women's%20Perfumes/E-commerece_images/61pn-AJesDL._AC_UL480_FMwebp_QL65_.webp?updatedAt=1785149997973,8
9,https://ik.imagekit.io/StringStackSanju/Women's%20Perfumes/E-commerece_images/61aspu2DtHL._AC_UL480_FMwebp_QL65_.webp?updatedAt=1785149997694,9
10,https://ik.imagekit.io/StringStackSanju/Women's%20Perfumes/E-commerece_images/61-ZEWTFaSL._AC_UL480_FMwebp_QL65_.webp?updatedAt=1785149997681,10
11,https://ik.imagekit.io/StringStackSanju/Women's%20Perfumes/E-commerece_images/618N5zP7WQL._AC_UL480_FMwebp_QL65_.webp?updatedAt=1785149997585,11
12,https://ik.imagekit.io/StringStackSanju/Women's%20Perfumes/E-commerece_images/51F0w9n6y5L._AC_UL480_FMwebp_QL65_.webp?updatedAt=1785149997593,12
13,https://ik.imagekit.io/StringStackSanju/Women's%20Perfumes/E-commerece_images/51OeKJvDbFL._AC_UL480_FMwebp_QL65_.webp?updatedAt=1785149997507,13
14,https://ik.imagekit.io/StringStackSanju/Women's%20Perfumes/E-commerece_images/61K+g2947xL._AC_UL480_FMwebp_QL65_.webp?updatedAt=1785149730956,14
15,https://ik.imagekit.io/StringStackSanju/Women's%20Perfumes/E-commerece_images/71FStQqvjaL._AC_SX644_CB1169409_QL70_.jpg?updatedAt=1785149730828,15
16,https://ik.imagekit.io/StringStackSanju/Women's%20Perfumes/E-commerece_images/61pNNPdUU5L._AC_UL480_FMwebp_QL65_.webp?updatedAt=1785149730940,16
17,https://ik.imagekit.io/StringStackSanju/Women's%20Perfumes/E-commerece_images/61gqiAcFkYL._AC_UL480_FMwebp_QL65_.webp?updatedAt=1785149730780,17
18,https://ik.imagekit.io/StringStackSanju/Women's%20Perfumes/E-commerece_images/51Dz0NZCcHL._AC_UL480_FMwebp_QL65_.webp?updatedAt=1785149730770,18
19,https://ik.imagekit.io/StringStackSanju/Women's%20Perfumes/E-commerece_images/51iImClGNiL._AC_UL480_FMwebp_QL65_.webp?updatedAt=1785149730731,19
20,https://ik.imagekit.io/StringStackSanju/Women's%20Perfumes/E-commerece_images/61CjExUq8WL._AC_UL480_FMwebp_QL65_.webp?updatedAt=1785149253680,20
21,https://ik.imagekit.io/StringStackSanju/Women's%20Perfumes/E-commerece_images/61N0Cjr-FCL._AC_UL480_FMwebp_QL65_.webp?updatedAt=1785149253626,21
22,https://ik.imagekit.io/StringStackKishore/perfume1.webp,22
23,https://ik.imagekit.io/StringStackKishore/perfume2.webp,23
24,https://ik.imagekit.io/StringStackKishore/perfume3.webp,24
25,https://ik.imagekit.io/StringStackKishore/perfumes/perfume4.webp,25
26,https://ik.imagekit.io/StringStackKishore/perfumes/perfume5.webp,26
27,https://ik.imagekit.io/StringStackKishore/perfumes/perfume6.webp,27
28,https://ik.imagekit.io/StringStackKishore/perfumes/perfume7.webp,28
29,https://ik.imagekit.io/StringStackKishore/perfumes/perfume8.webp,29
30,https://ik.imagekit.io/StringStackKishore/perfumes/perfume9.webp,30
31,https://ik.imagekit.io/StringStackKishore/perfumes/perfume10.webp,31
32,https://ik.imagekit.io/StringStackKishore/perfumes/perfume11.webp,32
33,https://ik.imagekit.io/StringStackKishore/perfumes/perfume12.webp,33
34,https://ik.imagekit.io/StringStackKishore/perfumes/perfume13.webp,34
35,https://ik.imagekit.io/StringStackKishore/perfumes/perfume14.webp,35
36,https://ik.imagekit.io/StringStackKishore/perfumes/perfume15.webp,36
37,https://ik.imagekit.io/StringStackKishore/perfumes/perfume16.webp,37
38,https://ik.imagekit.io/StringStackKishore/perfumes/perfume17.webp,38
39,https://ik.imagekit.io/StringStackKishore/perfumes/perfume18.webp,39
40,https://ik.imagekit.io/StringStackKishore/perfumes/perfume19.webp,40
41,https://ik.imagekit.io/StringStackKishore/perfumes/perfume20.webp,41
42,https://ik.imagekit.io/StringStackKishore/perfume1.webp,42
43,https://ik.imagekit.io/StringStackKishore/perfume2.webp,43
44,https://ik.imagekit.io/StringStackKishore/perfume3.webp,44
45,https://ik.imagekit.io/StringStackKishore/perfumes/perfume4.webp,45
46,https://ik.imagekit.io/StringStackKishore/perfumes/perfume5.webp,46
47,https://ik.imagekit.io/StringStackKishore/perfumes/perfume6.webp,47
48,https://ik.imagekit.io/StringStackKishore/perfumes/perfume7.webp,48
49,https://ik.imagekit.io/StringStackKishore/perfumes/perfume8.webp,49
50,https://ik.imagekit.io/StringStackKishore/perfumes/perfume9.webp,50
51,https://ik.imagekit.io/StringStackKishore/perfumes/perfume10.webp,51
52,https://ik.imagekit.io/StringStackKishore/perfumes/perfume11.webp,52
53,https://ik.imagekit.io/StringStackKishore/perfumes/perfume12.webp,53
54,https://ik.imagekit.io/StringStackKishore/perfumes/perfume13.webp,54
55,https://ik.imagekit.io/StringStackKishore/perfumes/perfume14.webp,55
56,https://ik.imagekit.io/StringStackKishore/perfumes/perfume15.webp,56
57,https://ik.imagekit.io/StringStackKishore/perfumes/perfume16.webp,57
58,https://ik.imagekit.io/StringStackKishore/perfumes/perfume17.webp,58
59,https://ik.imagekit.io/StringStackKishore/perfumes/perfume18.webp,59
60,https://ik.imagekit.io/StringStackKishore/perfumes/perfume19.webp,60
61,https://ik.imagekit.io/StringStackKishore/perfumes/perfume20.webp,61
